<?xml version="1.0" encoding="UTF-8"?>
<project-private xmlns="http://www.netbeans.org/ns/project-private/1">
    <editor-bookmarks xmlns="http://www.netbeans.org/ns/editor-bookmarks/2" lastBookmarkId="0"/>
    <open-files xmlns="http://www.netbeans.org/ns/projectui-open-files/2">
        <group>
            <file>file:/C:/Users/Usuario/Documents/JAVA/M03-DAW/Bases%20De%20Datos/ListadoVideojuegos/src/listadovideojuegos/DbConnect.java</file>
            <file>file:/C:/Users/Usuario/Documents/JAVA/M03-DAW/Bases%20De%20Datos/ListadoVideojuegos/src/listadovideojuegos/ListadoVideoJuegoDAO.java</file>
            <file>file:/C:/Users/Usuario/Documents/JAVA/M03-DAW/Bases%20De%20Datos/ListadoVideojuegos/src/listadovideojuegos/ListadoVideojuegos.java</file>
            <file>file:/C:/Users/Usuario/Documents/JAVA/M03-DAW/Bases%20De%20Datos/ListadoVideojuegos/src/listadovideojuegos/Menu.java</file>
            <file>file:/C:/Users/Usuario/Documents/JAVA/M03-DAW/Bases%20De%20Datos/ListadoVideojuegos/src/listadovideojuegos/Videojuego.java</file>
            <file>file:/C:/Users/Usuario/Documents/JAVA/M03-DAW/Bases%20De%20Datos/ListadoVideojuegos/src/listadovideojuegos/ShowGamesJdbcMySql.java</file>
        </group>
    </open-files>
</project-private>
